{
  "558 Fulton ST, Brooklyn, NY": [
    40.6884221,
    -73.9799464
  ],
  "255 Flatbush Ave, Brooklyn, NY 11217": [
    40.6802779,
    -73.9743066
  ],
  "445 Albee Square West Floor 1A, Brooklyn, NY 11201": [
    40.6908869,
    -73.9830979
  ],
  "445 Albee Square West , Brooklyn, NY 11201": [
    40.6908869,
    -73.9830979
  ],
  "316 Douglass St, Brooklyn, NY, 11217": [
    40.6796224,
    -73.9828167
  ],
  "74 4th Avenue, Brooklyn, NY 11217": [
    40.6823969,
    -73.9800119
  ],
  "592 Pacific St. Brooklyn, NY, 11217": [
    40.6830302,
    -73.9773505
  ],
  "179 4th Ave, Brooklyn, NY 11217": [
    40.6783296,
    -73.9820405
  ],
  "141 Atlantic Ave, Brooklyn, NY 11201": [
    40.690747,
    -73.9952858
  ],
  "3 Lafayette Ave, Brooklyn, NY 11217": [
    40.6868763,
    -73.9788779
  ],
  "450 Pacific St, Brooklyn, NY 11217": [
    40.6849548,
    -73.9828251
  ],
  "601 Dean St, Brooklyn, NY 11238": [
    40.680236,
    -73.967769
  ],
  "558 Fulton St, Brooklyn, NY": [
    40.6884221,
    -73.9799464
  ],
  "558 Fulton St": null
}